
INSERT INTO public.customer (customer_id, first_name, last_name, email, phone, address, city, state, zip_code, num_rows_before_insert) VALUES (1, 'Ysabel', 'Grumell', 'ygrumell0@upenn.edu', '466-768-9850', 'Suite 32', 'Burlatskoye', null, '21', null);
INSERT INTO public.customer (customer_id, first_name, last_name, email, phone, address, city, state, zip_code, num_rows_before_insert) VALUES (2, 'Regan', 'Creigan', 'rcreigan1@wordpress.com', '890-808-4336', 'Suite 27', 'Nakajah', null, '99', null);
INSERT INTO public.customer (customer_id, first_name, last_name, email, phone, address, city, state, zip_code, num_rows_before_insert) VALUES (3, 'Parsifal', 'Jedryka', 'pjedryka2@biblegateway.com', '544-359-2359', 'Apt 172', 'Irati', null, '91', null);
INSERT INTO public.customer (customer_id, first_name, last_name, email, phone, address, city, state, zip_code, num_rows_before_insert) VALUES (4, 'Way', 'Troy', 'wtroy3@desdev.cn', '507-315-0584', 'PO Box 1024', 'Krajan Dua Dawuan Wetan', null, '58', null);
INSERT INTO public.customer (customer_id, first_name, last_name, email, phone, address, city, state, zip_code, num_rows_before_insert) VALUES (5, 'Missy', 'Cram', 'mcram4@berkeley.edu', '509-846-9545', '7th Floor', 'Jin’e', null, '57', null);
INSERT INTO public.customer (customer_id, first_name, last_name, email, phone, address, city, state, zip_code, num_rows_before_insert) VALUES (6, 'Lisle', 'Sparsholt', 'lsparsholt5@lulu.com', '491-237-9264', 'Suite 97', 'Banjarbaru', null, '10', null);
INSERT INTO public.customer (customer_id, first_name, last_name, email, phone, address, city, state, zip_code, num_rows_before_insert) VALUES (7, 'Lainey', 'Beacon', 'lbeacon6@dion.ne.jp', '491-316-6829', 'Suite 76', 'San Cristóbal', null, '89', null);
INSERT INTO public.customer (customer_id, first_name, last_name, email, phone, address, city, state, zip_code, num_rows_before_insert) VALUES (8, 'Lynelle', 'Dockrell', 'ldockrell7@weibo.com', '418-776-0522', 'Suite 56', 'Dniprovka', null, '4', null);
INSERT INTO public.customer (customer_id, first_name, last_name, email, phone, address, city, state, zip_code, num_rows_before_insert) VALUES (9, 'Matelda', 'Spellacy', 'mspellacy8@arizona.edu', '125-105-2854', 'Apt 1373', 'Všetaty', null, '66', null);
INSERT INTO public.customer (customer_id, first_name, last_name, email, phone, address, city, state, zip_code, num_rows_before_insert) VALUES (10, 'Valentijn', 'Joerning', 'vjoerning9@nymag.com', '926-655-9541', 'Suite 60', 'Sinegor''ye', null, '17', null);
INSERT INTO public.customer (customer_id, first_name, last_name, email, phone, address, city, state, zip_code, num_rows_before_insert) VALUES (11, 'Rogers', 'Quakley', 'rquakleya@stanford.edu', '515-713-6037', '12th Floor', 'Pobé', null, '5', null);
INSERT INTO public.customer (customer_id, first_name, last_name, email, phone, address, city, state, zip_code, num_rows_before_insert) VALUES (12, 'Con', 'Jowsey', 'cjowseyb@hostgator.com', '581-349-4646', 'Apt 1031', 'Primero de Mayo', 'Veracruz Llave', '21', null);
INSERT INTO public.customer (customer_id, first_name, last_name, email, phone, address, city, state, zip_code, num_rows_before_insert) VALUES (13, 'Thorndike', 'Glennard', 'tglennardc@eepurl.com', '378-203-8351', 'PO Box 23325', 'Porangatu', null, '69', null);
INSERT INTO public.customer (customer_id, first_name, last_name, email, phone, address, city, state, zip_code, num_rows_before_insert) VALUES (14, 'Chelsie', 'Lingley', 'clingleyd@freewebs.com', '272-260-5919', 'Suite 36', 'Xinghua', null, '7', null);
INSERT INTO public.customer (customer_id, first_name, last_name, email, phone, address, city, state, zip_code, num_rows_before_insert) VALUES (15, 'Abramo', 'de Clerk', 'adeclerke@un.org', '365-369-0723', 'Apt 1052', 'Le Mans', 'Pays de la Loire', '76', null);
INSERT INTO public.customer (customer_id, first_name, last_name, email, phone, address, city, state, zip_code, num_rows_before_insert) VALUES (16, 'Thaddus', 'Hamm', 'thammf@noaa.gov', '561-515-5897', 'Apt 873', 'Las Tablas', null, '66', null);
INSERT INTO public.customer (customer_id, first_name, last_name, email, phone, address, city, state, zip_code, num_rows_before_insert) VALUES (17, 'Sara-ann', 'Jaxon', 'sjaxong@sogou.com', '922-554-0780', 'PO Box 16677', 'Colombes', 'Île-de-France', '55', null);
INSERT INTO public.customer (customer_id, first_name, last_name, email, phone, address, city, state, zip_code, num_rows_before_insert) VALUES (18, 'Jo', 'Philimore', 'jphilimoreh@craigslist.org', '662-892-8485', 'Apt 759', 'Pavlovka', null, '73', null);
INSERT INTO public.customer (customer_id, first_name, last_name, email, phone, address, city, state, zip_code, num_rows_before_insert) VALUES (19, 'Charline', 'Beverstock', 'cbeverstocki@moonfruit.com', '733-664-5093', 'PO Box 72842', 'Moravský Krumlov', null, '86', null);
INSERT INTO public.customer (customer_id, first_name, last_name, email, phone, address, city, state, zip_code, num_rows_before_insert) VALUES (20, 'Jenilee', 'Costain', 'jcostainj@bandcamp.com', '854-834-0981', 'Room 648', 'Karang Tengah', null, '18', null);
INSERT INTO public.customer (customer_id, first_name, last_name, email, phone, address, city, state, zip_code, num_rows_before_insert) VALUES (21, 'Barbabra', 'Copeland', 'bcopelandk@github.io', '713-578-5990', 'Room 1451', 'Saint-Joseph-de-Coleraine', 'Québec', '27', null);
INSERT INTO public.customer (customer_id, first_name, last_name, email, phone, address, city, state, zip_code, num_rows_before_insert) VALUES (22, 'Lenci', 'Stodit', 'lstoditl@ucla.edu', '423-971-6225', 'PO Box 72023', 'Tawangrejo', null, '3', null);
INSERT INTO public.customer (customer_id, first_name, last_name, email, phone, address, city, state, zip_code, num_rows_before_insert) VALUES (23, 'Ludovika', 'Venney', 'lvenneym@slate.com', '431-639-4234', 'Apt 465', 'Przywidz', null, '74', null);
INSERT INTO public.customer (customer_id, first_name, last_name, email, phone, address, city, state, zip_code, num_rows_before_insert) VALUES (24, 'Michale', 'Crighton', 'mcrightonn@rakuten.co.jp', '421-254-2318', 'Suite 86', 'Ingersoll', 'Ontario', '66', null);
INSERT INTO public.customer (customer_id, first_name, last_name, email, phone, address, city, state, zip_code, num_rows_before_insert) VALUES (25, 'Priscella', 'A''field', 'pafieldo@ehow.com', '929-881-1546', 'Room 498', 'Ostrov', null, '10', null);
INSERT INTO public.customer (customer_id, first_name, last_name, email, phone, address, city, state, zip_code, num_rows_before_insert) VALUES (26, 'Rozamond', 'Karolyi', 'rkarolyip@microsoft.com', '419-425-0971', '1st Floor', 'Nong Chik', null, '13', null);
INSERT INTO public.customer (customer_id, first_name, last_name, email, phone, address, city, state, zip_code, num_rows_before_insert) VALUES (27, 'Myrtie', 'Gramer', 'mgramerq@stanford.edu', '270-739-8362', 'PO Box 98968', 'Beringinjaya', null, '28', null);
INSERT INTO public.customer (customer_id, first_name, last_name, email, phone, address, city, state, zip_code, num_rows_before_insert) VALUES (28, 'Jarrod', 'Gibben', 'jgibbenr@alibaba.com', '747-137-1935', 'Suite 81', 'Nampera', null, '29', null);
INSERT INTO public.customer (customer_id, first_name, last_name, email, phone, address, city, state, zip_code, num_rows_before_insert) VALUES (29, 'Kesley', 'Hurrion', 'khurrions@engadget.com', '841-405-4623', '11th Floor', 'Fonte da Vaca', 'Setúbal', '90', null);
INSERT INTO public.customer (customer_id, first_name, last_name, email, phone, address, city, state, zip_code, num_rows_before_insert) VALUES (30, 'Antonio', 'Peartree', 'apeartreet@noaa.gov', '590-452-1840', 'Suite 18', 'Binawara', null, '48', null);
INSERT INTO public.customer (customer_id, first_name, last_name, email, phone, address, city, state, zip_code, num_rows_before_insert) VALUES (31, 'Jilleen', 'Berthouloume', 'jberthouloumeu@theglobeandmail.com', '446-181-3245', 'Room 1272', 'Jishu', null, '53', null);
INSERT INTO public.customer (customer_id, first_name, last_name, email, phone, address, city, state, zip_code, num_rows_before_insert) VALUES (32, 'Hermine', 'Blaksland', 'hblakslandv@reverbnation.com', '726-949-0885', 'Room 225', 'Bucay', null, '20', null);
INSERT INTO public.customer (customer_id, first_name, last_name, email, phone, address, city, state, zip_code, num_rows_before_insert) VALUES (33, 'Joya', 'Meachem', 'jmeachemw@patch.com', '331-463-3074', 'PO Box 59876', 'Lubāna', null, '87', null);
INSERT INTO public.customer (customer_id, first_name, last_name, email, phone, address, city, state, zip_code, num_rows_before_insert) VALUES (34, 'Perry', 'Thornton', 'pthorntonx@reference.com', '803-807-4131', 'PO Box 40709', 'Yecun', null, '83', null);
INSERT INTO public.customer (customer_id, first_name, last_name, email, phone, address, city, state, zip_code, num_rows_before_insert) VALUES (35, 'Calley', 'Leith', 'cleithy@oracle.com', '214-677-6277', 'Suite 23', 'Dallas', 'Texas', '95', null);
INSERT INTO public.customer (customer_id, first_name, last_name, email, phone, address, city, state, zip_code, num_rows_before_insert) VALUES (36, 'Sheelagh', 'Culver', 'sculverz@nature.com', '808-196-8325', 'Suite 72', 'Caminaca', null, '39', null);
INSERT INTO public.customer (customer_id, first_name, last_name, email, phone, address, city, state, zip_code, num_rows_before_insert) VALUES (37, 'Vanya', 'Kornilov', 'vkornilov10@state.tx.us', '721-455-0848', 'Apt 549', 'Shanghu', null, '99', null);
INSERT INTO public.customer (customer_id, first_name, last_name, email, phone, address, city, state, zip_code, num_rows_before_insert) VALUES (38, 'Aloysia', 'Coleborn', 'acoleborn11@cdbaby.com', '876-960-4246', 'Room 1470', 'Ramain', null, '43', null);
INSERT INTO public.customer (customer_id, first_name, last_name, email, phone, address, city, state, zip_code, num_rows_before_insert) VALUES (39, 'Kevin', 'Lipprose', 'klipprose12@github.io', '857-632-4197', 'Suite 43', 'Douniani', null, '25', null);
INSERT INTO public.customer (customer_id, first_name, last_name, email, phone, address, city, state, zip_code, num_rows_before_insert) VALUES (40, 'Reider', 'Skill', 'rskill13@studiopress.com', '904-641-1715', 'Suite 32', 'Sidomulyo Kulon', null, '39', null);
INSERT INTO public.customer (customer_id, first_name, last_name, email, phone, address, city, state, zip_code, num_rows_before_insert) VALUES (41, 'Maitilde', 'Rissen', 'mrissen14@hibu.com', '128-884-0039', 'Suite 5', 'eSikhawini', null, '51', null);
INSERT INTO public.customer (customer_id, first_name, last_name, email, phone, address, city, state, zip_code, num_rows_before_insert) VALUES (42, 'Sandye', 'Pennells', 'spennells15@addthis.com', '204-273-1174', 'Apt 116', 'Yantian', null, '99', null);
INSERT INTO public.customer (customer_id, first_name, last_name, email, phone, address, city, state, zip_code, num_rows_before_insert) VALUES (43, 'Alanson', 'Sate', 'asate16@webmd.com', '780-627-4135', '4th Floor', 'Mustvee', null, '39', null);
INSERT INTO public.customer (customer_id, first_name, last_name, email, phone, address, city, state, zip_code, num_rows_before_insert) VALUES (44, 'Carine', 'McCaffrey', 'cmccaffrey17@un.org', '876-264-0189', 'Apt 107', 'La Romana', null, '22', null);
INSERT INTO public.customer (customer_id, first_name, last_name, email, phone, address, city, state, zip_code, num_rows_before_insert) VALUES (45, 'Ermengarde', 'Perham', 'eperham18@tmall.com', '254-544-3894', '3rd Floor', 'Gatesville', 'Texas', '96', null);
INSERT INTO public.customer (customer_id, first_name, last_name, email, phone, address, city, state, zip_code, num_rows_before_insert) VALUES (46, 'Buddie', 'Wykes', 'bwykes19@eepurl.com', '405-237-1928', '8th Floor', 'Drnje', null, '37', null);
INSERT INTO public.customer (customer_id, first_name, last_name, email, phone, address, city, state, zip_code, num_rows_before_insert) VALUES (47, 'Gordie', 'Bourner', 'gbourner1a@mit.edu', '889-510-2942', 'Room 15', 'Hrotovice', null, '1', null);
INSERT INTO public.customer (customer_id, first_name, last_name, email, phone, address, city, state, zip_code, num_rows_before_insert) VALUES (48, 'Juli', 'Switland', 'jswitland1b@cbslocal.com', '325-184-2418', 'Room 1248', 'Macaíba', null, '35', null);
INSERT INTO public.customer (customer_id, first_name, last_name, email, phone, address, city, state, zip_code, num_rows_before_insert) VALUES (49, 'Gallard', 'Rushmare', 'grushmare1c@newyorker.com', '546-153-5864', 'Apt 436', 'Vargem Grande do Sul', null, '68', null);
INSERT INTO public.customer (customer_id, first_name, last_name, email, phone, address, city, state, zip_code, num_rows_before_insert) VALUES (50, 'Nicola', 'McPhee', 'nmcphee1d@va.gov', '871-181-3676', 'PO Box 53166', 'Krasnotorka', null, '58', null);
INSERT INTO public.customer (customer_id, first_name, last_name, email, phone, address, city, state, zip_code, num_rows_before_insert) VALUES (51, 'Mervin', 'O''Brogan', 'mobrogan1e@histats.com', '218-918-9610', 'PO Box 64883', 'Kedungbanteng Krajan', null, '79', null);
INSERT INTO public.customer (customer_id, first_name, last_name, email, phone, address, city, state, zip_code, num_rows_before_insert) VALUES (52, 'Maxy', 'Closs', 'mcloss1f@geocities.com', '445-940-6449', '8th Floor', 'Budapest', 'Budapest', '38', null);
INSERT INTO public.customer (customer_id, first_name, last_name, email, phone, address, city, state, zip_code, num_rows_before_insert) VALUES (53, 'Brynna', 'Greenhall', 'bgreenhall1g@123-reg.co.uk', '117-980-3848', 'Room 354', 'Leżajsk', null, '88', null);
INSERT INTO public.customer (customer_id, first_name, last_name, email, phone, address, city, state, zip_code, num_rows_before_insert) VALUES (54, 'Moore', 'Arondel', 'marondel1h@privacy.gov.au', '653-425-6963', 'PO Box 52298', 'Río', null, '100', null);
INSERT INTO public.customer (customer_id, first_name, last_name, email, phone, address, city, state, zip_code, num_rows_before_insert) VALUES (55, 'Arlyn', 'Laborda', 'alaborda1i@cocolog-nifty.com', '984-510-8527', '5th Floor', 'Jardim', null, '7', null);
INSERT INTO public.customer (customer_id, first_name, last_name, email, phone, address, city, state, zip_code, num_rows_before_insert) VALUES (56, 'Rollo', 'Low', 'rlow1j@cornell.edu', '826-821-6727', 'Room 1832', 'Sumberkrajan', null, '39', null);
INSERT INTO public.customer (customer_id, first_name, last_name, email, phone, address, city, state, zip_code, num_rows_before_insert) VALUES (57, 'Myranda', 'Bramford', 'mbramford1k@rambler.ru', '513-479-1952', '16th Floor', 'Cincinnati', 'Ohio', '56', null);
INSERT INTO public.customer (customer_id, first_name, last_name, email, phone, address, city, state, zip_code, num_rows_before_insert) VALUES (58, 'Marina', 'Mc Meekan', 'mmcmeekan1l@biglobe.ne.jp', '845-719-7855', 'Suite 57', 'Balazar', 'Braga', '17', null);
INSERT INTO public.customer (customer_id, first_name, last_name, email, phone, address, city, state, zip_code, num_rows_before_insert) VALUES (59, 'Geneva', 'Shearston', 'gshearston1m@timesonline.co.uk', '410-803-6803', 'PO Box 7852', 'Sekampung', null, '32', null);
INSERT INTO public.customer (customer_id, first_name, last_name, email, phone, address, city, state, zip_code, num_rows_before_insert) VALUES (60, 'Orbadiah', 'Wainscoat', 'owainscoat1n@state.tx.us', '706-356-1818', 'Apt 426', 'Wierzawice', null, '57', null);
INSERT INTO public.customer (customer_id, first_name, last_name, email, phone, address, city, state, zip_code, num_rows_before_insert) VALUES (61, 'Vaughan', 'Wyles', 'vwyles1o@nature.com', '853-917-1950', '6th Floor', 'Huaqiao', null, '61', null);
INSERT INTO public.customer (customer_id, first_name, last_name, email, phone, address, city, state, zip_code, num_rows_before_insert) VALUES (62, 'Jaquith', 'Leadbeater', 'jleadbeater1p@alibaba.com', '267-778-2430', 'PO Box 4527', 'Olofström', 'Blekinge', '82', null);
INSERT INTO public.customer (customer_id, first_name, last_name, email, phone, address, city, state, zip_code, num_rows_before_insert) VALUES (63, 'Ritchie', 'Shilleto', 'rshilleto1q@privacy.gov.au', '346-414-6765', 'PO Box 68093', 'Urug', null, '4', null);
INSERT INTO public.customer (customer_id, first_name, last_name, email, phone, address, city, state, zip_code, num_rows_before_insert) VALUES (64, 'Evyn', 'MacKellen', 'emackellen1r@free.fr', '504-752-4408', 'Suite 87', 'Kayl', null, '46', null);
INSERT INTO public.customer (customer_id, first_name, last_name, email, phone, address, city, state, zip_code, num_rows_before_insert) VALUES (65, 'Ruthie', 'Genney', 'rgenney1s@un.org', '534-718-3359', 'Room 1011', 'Nesterovskaya', null, '8', null);
INSERT INTO public.customer (customer_id, first_name, last_name, email, phone, address, city, state, zip_code, num_rows_before_insert) VALUES (66, 'Umberto', 'Brittles', 'ubrittles1t@sitemeter.com', '250-371-5074', 'Suite 66', 'Fangyan', null, '54', null);
INSERT INTO public.customer (customer_id, first_name, last_name, email, phone, address, city, state, zip_code, num_rows_before_insert) VALUES (67, 'Blair', 'Bilam', 'bbilam1u@youtube.com', '388-471-8072', 'Room 1705', 'Gafanha da Encarnação', 'Aveiro', '47', null);
INSERT INTO public.customer (customer_id, first_name, last_name, email, phone, address, city, state, zip_code, num_rows_before_insert) VALUES (68, 'Del', 'Torbet', 'dtorbet1v@aol.com', '540-949-5131', 'Suite 73', 'Kakamega', null, '21', null);
INSERT INTO public.customer (customer_id, first_name, last_name, email, phone, address, city, state, zip_code, num_rows_before_insert) VALUES (69, 'Svend', 'Imlaw', 'simlaw1w@fastcompany.com', '458-696-7875', '10th Floor', 'Chiscas', null, '41', null);
INSERT INTO public.customer (customer_id, first_name, last_name, email, phone, address, city, state, zip_code, num_rows_before_insert) VALUES (70, 'Elton', 'McAndrew', 'emcandrew1x@toplist.cz', '675-444-1398', 'Room 1855', 'Trollhättan', 'Västra Götaland', '75', null);
INSERT INTO public.customer (customer_id, first_name, last_name, email, phone, address, city, state, zip_code, num_rows_before_insert) VALUES (71, 'Muffin', 'Tuxill', 'mtuxill1y@nsw.gov.au', '757-424-4088', 'Apt 471', 'Hampton', 'Virginia', '30', null);
INSERT INTO public.customer (customer_id, first_name, last_name, email, phone, address, city, state, zip_code, num_rows_before_insert) VALUES (72, 'Claudie', 'Gonoude', 'cgonoude1z@macromedia.com', '135-251-2189', 'Apt 1222', 'Ghanzi', null, '98', null);
INSERT INTO public.customer (customer_id, first_name, last_name, email, phone, address, city, state, zip_code, num_rows_before_insert) VALUES (73, 'Florentia', 'Wetherick', 'fwetherick20@mapquest.com', '749-557-2972', '17th Floor', 'Vyzhnytsya', null, '92', null);
INSERT INTO public.customer (customer_id, first_name, last_name, email, phone, address, city, state, zip_code, num_rows_before_insert) VALUES (74, 'Tabby', 'Sisey', 'tsisey21@simplemachines.org', '221-344-5525', 'Apt 1107', 'Burnside', 'Scotland', '12', null);
INSERT INTO public.customer (customer_id, first_name, last_name, email, phone, address, city, state, zip_code, num_rows_before_insert) VALUES (75, 'Luci', 'Vaudrey', 'lvaudrey22@disqus.com', '814-591-0201', 'Apt 1148', 'Jasionów', null, '57', null);
INSERT INTO public.customer (customer_id, first_name, last_name, email, phone, address, city, state, zip_code, num_rows_before_insert) VALUES (76, 'Cathlene', 'Gellion', 'cgellion23@usda.gov', '245-392-9641', '16th Floor', 'Kashiwazaki', null, '31', null);
INSERT INTO public.customer (customer_id, first_name, last_name, email, phone, address, city, state, zip_code, num_rows_before_insert) VALUES (77, 'Adlai', 'Renwick', 'arenwick24@smugmug.com', '740-469-0431', 'Room 1892', 'Tonshayevo', null, '46', null);
INSERT INTO public.customer (customer_id, first_name, last_name, email, phone, address, city, state, zip_code, num_rows_before_insert) VALUES (78, 'Lemuel', 'Reyner', 'lreyner25@trellian.com', '149-437-7852', 'PO Box 57373', 'Pantai', null, '35', null);
INSERT INTO public.customer (customer_id, first_name, last_name, email, phone, address, city, state, zip_code, num_rows_before_insert) VALUES (79, 'Gates', 'Dieton', 'gdieton26@archive.org', '542-419-4265', 'Suite 51', 'Velika Kladuša', null, '48', null);
INSERT INTO public.customer (customer_id, first_name, last_name, email, phone, address, city, state, zip_code, num_rows_before_insert) VALUES (80, 'Mel', 'Colchett', 'mcolchett27@linkedin.com', '309-534-3986', 'Apt 1175', 'Bacnor East', null, '19', null);
INSERT INTO public.customer (customer_id, first_name, last_name, email, phone, address, city, state, zip_code, num_rows_before_insert) VALUES (81, 'Fielding', 'Kenwell', 'fkenwell28@technorati.com', '387-606-2898', 'PO Box 23167', 'Lezhu', null, '32', null);
INSERT INTO public.customer (customer_id, first_name, last_name, email, phone, address, city, state, zip_code, num_rows_before_insert) VALUES (82, 'Abey', 'Blastock', 'ablastock29@yahoo.com', '676-320-3690', 'Apt 1578', 'Shancheng', null, '69', null);
INSERT INTO public.customer (customer_id, first_name, last_name, email, phone, address, city, state, zip_code, num_rows_before_insert) VALUES (83, 'Web', 'Struis', 'wstruis2a@telegraph.co.uk', '687-218-4711', 'PO Box 17123', 'Pisang', null, '78', null);
INSERT INTO public.customer (customer_id, first_name, last_name, email, phone, address, city, state, zip_code, num_rows_before_insert) VALUES (84, 'Web', 'Pryce', 'wpryce2b@amazonaws.com', '998-287-4976', 'Apt 1128', 'San Francisco', null, '12', null);
INSERT INTO public.customer (customer_id, first_name, last_name, email, phone, address, city, state, zip_code, num_rows_before_insert) VALUES (85, 'Devlen', 'Pods', 'dpods2c@va.gov', '966-233-2516', 'Room 266', 'Kalembutillu', null, '40', null);
INSERT INTO public.customer (customer_id, first_name, last_name, email, phone, address, city, state, zip_code, num_rows_before_insert) VALUES (86, 'Kissiah', 'Rzehorz', 'krzehorz2d@macromedia.com', '135-395-8439', 'Suite 23', 'Fuxing', null, '71', null);
INSERT INTO public.customer (customer_id, first_name, last_name, email, phone, address, city, state, zip_code, num_rows_before_insert) VALUES (87, 'Thibaud', 'Chetwind', 'tchetwind2e@joomla.org', '432-231-5894', 'Apt 652', 'Río Bueno', null, '74', null);
INSERT INTO public.customer (customer_id, first_name, last_name, email, phone, address, city, state, zip_code, num_rows_before_insert) VALUES (88, 'Ronica', 'Licciardo', 'rlicciardo2f@de.vu', '138-571-5003', '16th Floor', 'Liushi', null, '80', null);
INSERT INTO public.customer (customer_id, first_name, last_name, email, phone, address, city, state, zip_code, num_rows_before_insert) VALUES (89, 'Eolande', 'Henke', 'ehenke2g@nbcnews.com', '704-866-2936', 'Room 776', 'Raman', null, '76', null);
INSERT INTO public.customer (customer_id, first_name, last_name, email, phone, address, city, state, zip_code, num_rows_before_insert) VALUES (90, 'Jolee', 'Firth', 'jfirth2h@ycombinator.com', '812-432-4720', '1st Floor', 'Leiria', 'Leiria', '41', null);
INSERT INTO public.customer (customer_id, first_name, last_name, email, phone, address, city, state, zip_code, num_rows_before_insert) VALUES (91, 'Juan', 'Bonnett', 'jbonnett2i@pagesperso-orange.fr', '513-699-7304', 'Room 1506', 'Sudoměřice', null, '84', null);
INSERT INTO public.customer (customer_id, first_name, last_name, email, phone, address, city, state, zip_code, num_rows_before_insert) VALUES (92, 'Gualterio', 'Sinclair', 'gsinclair2j@usnews.com', '236-753-4625', 'Suite 77', 'Barberena', null, '69', null);
INSERT INTO public.customer (customer_id, first_name, last_name, email, phone, address, city, state, zip_code, num_rows_before_insert) VALUES (93, 'Brit', 'Struys', 'bstruys2k@umn.edu', '719-511-3912', 'Apt 265', 'Chorotis', null, '60', null);
INSERT INTO public.customer (customer_id, first_name, last_name, email, phone, address, city, state, zip_code, num_rows_before_insert) VALUES (94, 'Abba', 'Hendren', 'ahendren2l@cbslocal.com', '631-644-6293', 'Room 1025', 'São Félix do Xingu', null, '94', null);
INSERT INTO public.customer (customer_id, first_name, last_name, email, phone, address, city, state, zip_code, num_rows_before_insert) VALUES (95, 'Corry', 'Swadlinge', 'cswadlinge2m@slideshare.net', '766-183-2894', 'Room 686', 'Sabang', null, '74', null);
INSERT INTO public.customer (customer_id, first_name, last_name, email, phone, address, city, state, zip_code, num_rows_before_insert) VALUES (96, 'Care', 'Danielski', 'cdanielski2n@dyndns.org', '169-871-5739', 'Room 984', 'Bayt Maqdūm', null, '29', null);
INSERT INTO public.customer (customer_id, first_name, last_name, email, phone, address, city, state, zip_code, num_rows_before_insert) VALUES (97, 'Danya', 'Brogiotti', 'dbrogiotti2o@columbia.edu', '292-785-9646', 'Suite 32', 'Mílos', null, '81', null);
INSERT INTO public.customer (customer_id, first_name, last_name, email, phone, address, city, state, zip_code, num_rows_before_insert) VALUES (98, 'Audrie', 'Cicero', 'acicero2p@geocities.jp', '468-610-5893', '13th Floor', 'Loutrá', null, '73', null);
INSERT INTO public.customer (customer_id, first_name, last_name, email, phone, address, city, state, zip_code, num_rows_before_insert) VALUES (99, 'Lind', 'Mossop', 'lmossop2q@spotify.com', '603-670-2215', 'Room 660', 'San Felipe', null, '88', null);
INSERT INTO public.customer (customer_id, first_name, last_name, email, phone, address, city, state, zip_code, num_rows_before_insert) VALUES (100, 'Hetty', 'Chue', 'hchue2r@kickstarter.com', '730-356-0844', 'Apt 1923', 'Hiseti', null, '74', null);








INSERT INTO public.author (author_id, first_name, last_name) VALUES (1, 'Tabb', 'Panther');
INSERT INTO public.author (author_id, first_name, last_name) VALUES (2, 'Hayward', 'Duetschens');
INSERT INTO public.author (author_id, first_name, last_name) VALUES (3, 'Garik', 'Kerss');
INSERT INTO public.author (author_id, first_name, last_name) VALUES (4, 'Bink', 'Clements');
INSERT INTO public.author (author_id, first_name, last_name) VALUES (5, 'Stacee', 'Ben-Aharon');
INSERT INTO public.author (author_id, first_name, last_name) VALUES (6, 'Nicky', 'McCritchie');
INSERT INTO public.author (author_id, first_name, last_name) VALUES (7, 'Nicholle', 'Housam');
INSERT INTO public.author (author_id, first_name, last_name) VALUES (8, 'Carolyne', 'Pescott');
INSERT INTO public.author (author_id, first_name, last_name) VALUES (9, 'Harry', 'Wilkisson');
INSERT INTO public.author (author_id, first_name, last_name) VALUES (10, 'Jervis', 'Gledhall');
INSERT INTO public.author (author_id, first_name, last_name) VALUES (11, 'Glynis', 'Litzmann');
INSERT INTO public.author (author_id, first_name, last_name) VALUES (12, 'Cindi', 'Jzhakov');
INSERT INTO public.author (author_id, first_name, last_name) VALUES (13, 'Gil', 'Nuschke');
INSERT INTO public.author (author_id, first_name, last_name) VALUES (14, 'Briny', 'Stratford');
INSERT INTO public.author (author_id, first_name, last_name) VALUES (15, 'Alfredo', 'Sevin');
INSERT INTO public.author (author_id, first_name, last_name) VALUES (16, 'Antoine', 'Venable');
INSERT INTO public.author (author_id, first_name, last_name) VALUES (17, 'Craggy', 'Purveys');
INSERT INTO public.author (author_id, first_name, last_name) VALUES (18, 'Angeli', 'Mongin');
INSERT INTO public.author (author_id, first_name, last_name) VALUES (19, 'Karina', 'Talbot');
INSERT INTO public.author (author_id, first_name, last_name) VALUES (20, 'Sarah', 'Gibbons');
INSERT INTO public.author (author_id, first_name, last_name) VALUES (21, 'Dunstan', 'Boraston');
INSERT INTO public.author (author_id, first_name, last_name) VALUES (22, 'Emlyn', 'Venny');
INSERT INTO public.author (author_id, first_name, last_name) VALUES (23, 'Bryna', 'Mikalski');
INSERT INTO public.author (author_id, first_name, last_name) VALUES (24, 'Leeanne', 'Stoddart');
INSERT INTO public.author (author_id, first_name, last_name) VALUES (25, 'Felisha', 'Walbrook');
INSERT INTO public.author (author_id, first_name, last_name) VALUES (26, 'Kin', 'Shawyer');
INSERT INTO public.author (author_id, first_name, last_name) VALUES (27, 'Martica', 'Gettens');
INSERT INTO public.author (author_id, first_name, last_name) VALUES (28, 'Muffin', 'Harmes');
INSERT INTO public.author (author_id, first_name, last_name) VALUES (29, 'Monty', 'Keeler');
INSERT INTO public.author (author_id, first_name, last_name) VALUES (30, 'Celine', 'Raff');
INSERT INTO public.author (author_id, first_name, last_name) VALUES (31, 'Elfreda', 'Whales');
INSERT INTO public.author (author_id, first_name, last_name) VALUES (32, 'Morton', 'Ashworth');
INSERT INTO public.author (author_id, first_name, last_name) VALUES (33, 'Xerxes', 'Grestye');
INSERT INTO public.author (author_id, first_name, last_name) VALUES (34, 'Riordan', 'Bodiam');
INSERT INTO public.author (author_id, first_name, last_name) VALUES (35, 'Violet', 'Wais');
INSERT INTO public.author (author_id, first_name, last_name) VALUES (36, 'Ardella', 'Forryan');
INSERT INTO public.author (author_id, first_name, last_name) VALUES (37, 'Hazlett', 'Peacocke');
INSERT INTO public.author (author_id, first_name, last_name) VALUES (38, 'Shirlene', 'Whittam');
INSERT INTO public.author (author_id, first_name, last_name) VALUES (39, 'Margarita', 'Clewer');
INSERT INTO public.author (author_id, first_name, last_name) VALUES (40, 'Leodora', 'Tutill');
INSERT INTO public.author (author_id, first_name, last_name) VALUES (41, 'Shermie', 'Ashborne');
INSERT INTO public.author (author_id, first_name, last_name) VALUES (42, 'Kristine', 'Verrillo');
INSERT INTO public.author (author_id, first_name, last_name) VALUES (43, 'Erskine', 'McGrady');
INSERT INTO public.author (author_id, first_name, last_name) VALUES (44, 'Archaimbaud', 'Timlett');
INSERT INTO public.author (author_id, first_name, last_name) VALUES (45, 'Lothaire', 'Ceschelli');
INSERT INTO public.author (author_id, first_name, last_name) VALUES (46, 'Tamara', 'Fairebrother');
INSERT INTO public.author (author_id, first_name, last_name) VALUES (47, 'Adolphus', 'Savin');
INSERT INTO public.author (author_id, first_name, last_name) VALUES (48, 'Querida', 'Lemanu');
INSERT INTO public.author (author_id, first_name, last_name) VALUES (49, 'Dorita', 'Tidball');
INSERT INTO public.author (author_id, first_name, last_name) VALUES (50, 'Curtis', 'Courteney');
INSERT INTO public.author (author_id, first_name, last_name) VALUES (51, 'Niel', 'Bythell');
INSERT INTO public.author (author_id, first_name, last_name) VALUES (52, 'Darelle', 'Richens');
INSERT INTO public.author (author_id, first_name, last_name) VALUES (53, 'Maurine', 'Kisby');
INSERT INTO public.author (author_id, first_name, last_name) VALUES (54, 'Gottfried', 'Heinke');
INSERT INTO public.author (author_id, first_name, last_name) VALUES (55, 'Theressa', 'Letixier');
INSERT INTO public.author (author_id, first_name, last_name) VALUES (56, 'Bradan', 'Starrs');
INSERT INTO public.author (author_id, first_name, last_name) VALUES (57, 'Terri', 'Botfield');
INSERT INTO public.author (author_id, first_name, last_name) VALUES (58, 'Bernardo', 'Nottram');
INSERT INTO public.author (author_id, first_name, last_name) VALUES (59, 'Filmer', 'Powton');
INSERT INTO public.author (author_id, first_name, last_name) VALUES (60, 'Lief', 'Rosellini');
INSERT INTO public.author (author_id, first_name, last_name) VALUES (61, 'Adelind', 'Coxhead');
INSERT INTO public.author (author_id, first_name, last_name) VALUES (62, 'Verney', 'Dennett');
INSERT INTO public.author (author_id, first_name, last_name) VALUES (63, 'Olga', 'Cramp');
INSERT INTO public.author (author_id, first_name, last_name) VALUES (64, 'Goddart', 'Yezafovich');
INSERT INTO public.author (author_id, first_name, last_name) VALUES (65, 'Cody', 'Macourek');
INSERT INTO public.author (author_id, first_name, last_name) VALUES (66, 'Kathlin', 'Regi');
INSERT INTO public.author (author_id, first_name, last_name) VALUES (67, 'Enid', 'Hambrick');
INSERT INTO public.author (author_id, first_name, last_name) VALUES (68, 'Peg', 'Blanc');
INSERT INTO public.author (author_id, first_name, last_name) VALUES (69, 'Brigida', 'Hutchings');
INSERT INTO public.author (author_id, first_name, last_name) VALUES (70, 'Anna', 'Golde');
INSERT INTO public.author (author_id, first_name, last_name) VALUES (71, 'Tally', 'Thor');
INSERT INTO public.author (author_id, first_name, last_name) VALUES (72, 'Catie', 'Wisson');
INSERT INTO public.author (author_id, first_name, last_name) VALUES (73, 'Gauthier', 'Tipling');
INSERT INTO public.author (author_id, first_name, last_name) VALUES (74, 'Barris', 'Siemens');
INSERT INTO public.author (author_id, first_name, last_name) VALUES (75, 'Justen', 'Curado');
INSERT INTO public.author (author_id, first_name, last_name) VALUES (76, 'Ivory', 'Pllu');
INSERT INTO public.author (author_id, first_name, last_name) VALUES (77, 'Nicki', 'Soreau');
INSERT INTO public.author (author_id, first_name, last_name) VALUES (78, 'Ned', 'Roote');
INSERT INTO public.author (author_id, first_name, last_name) VALUES (79, 'Missie', 'Rushsorth');
INSERT INTO public.author (author_id, first_name, last_name) VALUES (80, 'Bob', 'Eaglen');
INSERT INTO public.author (author_id, first_name, last_name) VALUES (81, 'Lorene', 'Rapin');
INSERT INTO public.author (author_id, first_name, last_name) VALUES (82, 'Monro', 'Skeemer');
INSERT INTO public.author (author_id, first_name, last_name) VALUES (83, 'Sharlene', 'Compston');
INSERT INTO public.author (author_id, first_name, last_name) VALUES (84, 'Byron', 'Cottem');
INSERT INTO public.author (author_id, first_name, last_name) VALUES (85, 'Alberik', 'Rains');
INSERT INTO public.author (author_id, first_name, last_name) VALUES (86, 'Skippie', 'Burmaster');
INSERT INTO public.author (author_id, first_name, last_name) VALUES (87, 'Gerhardine', 'Emson');
INSERT INTO public.author (author_id, first_name, last_name) VALUES (88, 'Farly', 'Halston');
INSERT INTO public.author (author_id, first_name, last_name) VALUES (89, 'Garik', 'Farrans');
INSERT INTO public.author (author_id, first_name, last_name) VALUES (90, 'Jameson', 'O''Loghlen');
INSERT INTO public.author (author_id, first_name, last_name) VALUES (91, 'Eugenio', 'Strewthers');
INSERT INTO public.author (author_id, first_name, last_name) VALUES (92, 'Charline', 'Warboys');
INSERT INTO public.author (author_id, first_name, last_name) VALUES (93, 'Eadith', 'Ollie');
INSERT INTO public.author (author_id, first_name, last_name) VALUES (94, 'Annadiana', 'Grangier');
INSERT INTO public.author (author_id, first_name, last_name) VALUES (95, 'Gloria', 'Petrashov');
INSERT INTO public.author (author_id, first_name, last_name) VALUES (96, 'Walker', 'Barradell');
INSERT INTO public.author (author_id, first_name, last_name) VALUES (97, 'Estrella', 'Maccree');
INSERT INTO public.author (author_id, first_name, last_name) VALUES (98, 'Sven', 'Potes');
INSERT INTO public.author (author_id, first_name, last_name) VALUES (99, 'Zenia', 'Matuschek');
INSERT INTO public.author (author_id, first_name, last_name) VALUES (100, 'Maighdiln', 'Letertre');


INSERT INTO public.category (category_id, category_name) VALUES (1, 'Masonry');
INSERT INTO public.category (category_id, category_name) VALUES (2, 'Hard Tile & Stone');
INSERT INTO public.category (category_id, category_name) VALUES (3, 'Structural & Misc Steel Erection');
INSERT INTO public.category (category_id, category_name) VALUES (4, 'Overhead Doors');
INSERT INTO public.category (category_id, category_name) VALUES (5, 'Asphalt Paving');
INSERT INTO public.category (category_id, category_name) VALUES (6, 'Framing (Wood)');
INSERT INTO public.category (category_id, category_name) VALUES (7, 'Epoxy Flooring');
INSERT INTO public.category (category_id, category_name) VALUES (8, 'Framing (Wood)');
INSERT INTO public.category (category_id, category_name) VALUES (9, 'Site Furnishings');
INSERT INTO public.category (category_id, category_name) VALUES (10, 'Overhead Doors');




INSERT INTO public.book (book_id, category_id, author_id, title, description, price) VALUES (2, 1, 2, 'Book 2', 'Description for Book 2', 19.99);
INSERT INTO public.book (book_id, category_id, author_id, title, description, price) VALUES (3, 1, 3, 'Book 3', 'Description for Book 3', 29.99);
INSERT INTO public.book (book_id, category_id, author_id, title, description, price) VALUES (4, 1, 4, 'Book 4', 'Description for Book 4', 39.99);
INSERT INTO public.book (book_id, category_id, author_id, title, description, price) VALUES (5, 1, 5, 'Book 5', 'Description for Book 5', 49.99);
INSERT INTO public.book (book_id, category_id, author_id, title, description, price) VALUES (6, 2, 1, 'Book 6', 'Description for Book 6', 59.99);
INSERT INTO public.book (book_id, category_id, author_id, title, description, price) VALUES (7, 2, 2, 'Book 7', 'Description for Book 7', 69.99);
INSERT INTO public.book (book_id, category_id, author_id, title, description, price) VALUES (8, 2, 3, 'Book 8', 'Description for Book 8', 79.99);
INSERT INTO public.book (book_id, category_id, author_id, title, description, price) VALUES (9, 2, 4, 'Book 9', 'Description for Book 9', 89.99);
INSERT INTO public.book (book_id, category_id, author_id, title, description, price) VALUES (10, 2, 5, 'Book 10', 'Description for Book 10', 99.99);
INSERT INTO public.book (book_id, category_id, author_id, title, description, price) VALUES (11, 3, 1, 'Book 11', 'Description for Book 11', 29.99);
INSERT INTO public.book (book_id, category_id, author_id, title, description, price) VALUES (12, 3, 2, 'Book 12', 'Description for Book 12', 39.99);
INSERT INTO public.book (book_id, category_id, author_id, title, description, price) VALUES (13, 3, 3, 'Book 13', 'Description for Book 13', 49.99);
INSERT INTO public.book (book_id, category_id, author_id, title, description, price) VALUES (14, 3, 4, 'Book 14', 'Description for Book 14', 59.99);
INSERT INTO public.book (book_id, category_id, author_id, title, description, price) VALUES (15, 3, 5, 'Book 15', 'Description for Book 15', 69.99);
INSERT INTO public.book (book_id, category_id, author_id, title, description, price) VALUES (16, 4, 1, 'Book 16', 'Description for Book 16', 79.99);
INSERT INTO public.book (book_id, category_id, author_id, title, description, price) VALUES (17, 4, 2, 'Book 17', 'Description for Book 17', 89.99);
INSERT INTO public.book (book_id, category_id, author_id, title, description, price) VALUES (18, 4, 3, 'Book 18', 'Description for Book 18', 99.99);
INSERT INTO public.book (book_id, category_id, author_id, title, description, price) VALUES (19, 4, 4, 'Book 19', 'Description for Book 19', 29.99);
INSERT INTO public.book (book_id, category_id, author_id, title, description, price) VALUES (20, 4, 5, 'Book 20', 'Description for Book 20', 39.99);
INSERT INTO public.book (book_id, category_id, author_id, title, description, price) VALUES (21, 5, 1, 'Book 21', 'Description for Book 21', 49.99);
INSERT INTO public.book (book_id, category_id, author_id, title, description, price) VALUES (22, 5, 2, 'Book 22', 'Description for Book 22', 59.99);
INSERT INTO public.book (book_id, category_id, author_id, title, description, price) VALUES (23, 5, 3, 'Book 23', 'Description for Book 23', 69.99);
INSERT INTO public.book (book_id, category_id, author_id, title, description, price) VALUES (24, 5, 4, 'Book 24', 'Description for Book 24', 79.99);
INSERT INTO public.book (book_id, category_id, author_id, title, description, price) VALUES (25, 5, 5, 'Book 25', 'Description for Book 25', 89.99);
INSERT INTO public.book (book_id, category_id, author_id, title, description, price) VALUES (26, 1, 6, 'Book 26', 'Description for Book 26', 99.99);
INSERT INTO public.book (book_id, category_id, author_id, title, description, price) VALUES (27, 1, 7, 'Book 27', 'Description for Book 27', 29.99);
INSERT INTO public.book (book_id, category_id, author_id, title, description, price) VALUES (28, 1, 8, 'Book 28', 'Description for Book 28', 39.99);
INSERT INTO public.book (book_id, category_id, author_id, title, description, price) VALUES (29, 1, 9, 'Book 29', 'Description for Book 29', 49.99);
INSERT INTO public.book (book_id, category_id, author_id, title, description, price) VALUES (30, 1, 10, 'Book 30', 'Description for Book 30', 59.99);
INSERT INTO public.book (book_id, category_id, author_id, title, description, price) VALUES (31, 2, 6, 'Book 31', 'Description for Book 31', 69.99);
INSERT INTO public.book (book_id, category_id, author_id, title, description, price) VALUES (32, 2, 7, 'Book 32', 'Description for Book 32', 79.99);
INSERT INTO public.book (book_id, category_id, author_id, title, description, price) VALUES (33, 2, 8, 'Book 33', 'Description for Book 33', 89.99);
INSERT INTO public.book (book_id, category_id, author_id, title, description, price) VALUES (34, 2, 9, 'Book 34', 'Description for Book 34', 99.99);
INSERT INTO public.book (book_id, category_id, author_id, title, description, price) VALUES (35, 2, 10, 'Book 35', 'Description for Book 35', 29.99);
INSERT INTO public.book (book_id, category_id, author_id, title, description, price) VALUES (36, 3, 6, 'Book 36', 'Description for Book 36', 39.99);
INSERT INTO public.book (book_id, category_id, author_id, title, description, price) VALUES (37, 3, 7, 'Book 37', 'Description for Book 37', 49.99);
INSERT INTO public.book (book_id, category_id, author_id, title, description, price) VALUES (38, 3, 8, 'Book 38', 'Description for Book 38', 59.99);
INSERT INTO public.book (book_id, category_id, author_id, title, description, price) VALUES (39, 3, 9, 'Book 39', 'Description for Book 39', 69.99);
INSERT INTO public.book (book_id, category_id, author_id, title, description, price) VALUES (40, 3, 10, 'Book 40', 'Description for Book 40', 79.99);
INSERT INTO public.book (book_id, category_id, author_id, title, description, price) VALUES (41, 4, 6, 'Book 41', 'Description for Book 41', 89.99);
INSERT INTO public.book (book_id, category_id, author_id, title, description, price) VALUES (42, 4, 7, 'Book 42', 'Description for Book 42', 99.99);
INSERT INTO public.book (book_id, category_id, author_id, title, description, price) VALUES (43, 4, 8, 'Book 43', 'Description for Book 43', 29.99);
INSERT INTO public.book (book_id, category_id, author_id, title, description, price) VALUES (44, 4, 9, 'Book 44', 'Description for Book 44', 39.99);
INSERT INTO public.book (book_id, category_id, author_id, title, description, price) VALUES (45, 4, 10, 'Book 45', 'Description for Book 45', 49.99);
INSERT INTO public.book (book_id, category_id, author_id, title, description, price) VALUES (46, 5, 6, 'Book 46', 'Description for Book 46', 59.99);
INSERT INTO public.book (book_id, category_id, author_id, title, description, price) VALUES (47, 5, 7, 'Book 47', 'Description for Book 47', 69.99);
INSERT INTO public.book (book_id, category_id, author_id, title, description, price) VALUES (48, 5, 8, 'Book 48', 'Description for Book 48', 79.99);
INSERT INTO public.book (book_id, category_id, author_id, title, description, price) VALUES (49, 5, 9, 'Book 49', 'Description for Book 49', 89.99);
INSERT INTO public.book (book_id, category_id, author_id, title, description, price) VALUES (50, 5, 10, 'Book 50', 'Description for Book 50', 99.99);
INSERT INTO public.book (book_id, category_id, author_id, title, description, price) VALUES (1, 1, 1, 'Book 1', 'Description for Book 1', 10.99);


INSERT INTO orders (order_id, customer_id, order_date, status, total_amount)
VALUES
(11, 1, '2022-04-01', 'shipped', 50.00),
(12, 2, '2022-04-02', 'pending', 75.25),
(13, 3, '2022-04-03', 'delivered', 125.50),
(14, 4, '2022-04-04', 'shipped', 200.75),
(15, 5, '2022-04-05', 'pending', 350.00),
(16, 6, '2022-04-06', 'delivered', 450.25),
(17, 7, '2022-04-07', 'shipped', 175.50),
(18, 8, '2022-04-08', 'pending', 225.75),
(19, 9, '2022-04-09', 'delivered', 300.00),
(20, 10, '2022-04-10', 'shipped', 150.25),
(21, 1, '2022-05-01', 'shipped', 50.00),
(22, 2, '2022-05-02', 'pending', 75.25),
(23, 3, '2022-05-03', 'delivered', 125.50),
(24, 4, '2022-05-04', 'shipped', 200.75),
(25, 5, '2022-05-05', 'pending', 350.00),
(26, 6, '2022-05-06', 'delivered', 450.25),
(27, 7, '2022-05-07', 'shipped', 175.50),
(28, 8, '2022-05-08', 'pending', 225.75),
(29, 9, '2022-05-09', 'delivered', 300.00),
(30, 10, '2022-05-10', 'shipped', 150.25),
(31, 11, '2022-05-11', 'shipped', 50.00),
(32, 12, '2022-05-12', 'pending', 75.25),
(33, 13, '2022-05-13', 'delivered', 125.50),
(34, 14, '2022-05-14', 'shipped', 200.75),
(35, 15, '2022-05-15', 'pending', 350.00),
(36, 16, '2022-05-16', 'delivered', 450.25),
(37, 17, '2022-05-17', 'shipped', 175.50),
(38, 18, '2022-05-18', 'pending', 225.75),
(39, 19, '2022-05-19', 'delivered', 300.00),
(40, 20, '2022-05-20', 'shipped', 150.25),
(41, 21, '2022-05-21', 'shipped', 50.00),
(42, 22, '2022-05-22', 'pending', 75.25),
(43, 23, '2022-05-23', 'delivered', 125.50),
(44, 24, '2022-05-24', 'shipped', 200.75),
(45, 25, '2022-05-25', 'pending', 350.00),
(46, 26, '2022-05-26', 'delivered', 450.25),
(47, 27, '2022-05-27', 'shipped', 175.50),
(48, 28, '2022-05-28', 'pending', 225.75),
(49, 29, '2022-05-29', 'delivered', 300.00),
(50, 30, '2022-05-30', 'shipped', 150.25),
(51, 31, '2022-05-31', 'shipped', 50.00);


INSERT INTO Orderitem (order_item_id, order_id, book_id, quantity, price) VALUES
  (1, 20, 44, 9, 85.70),
  (2, 45, 17, 3, 17.50),
  (3, 35, 38, 7, 59.99),
  (4, 29, 10, 4, 30.00),
  (5, 31, 23, 2, 14.99),
  (6, 37, 27, 5, 43.99),
  (7, 47, 23, 3, 26.99),
  (8, 40, 33, 2, 16.50);


INSERT INTO Orderitem (order_item_id, order_id, book_id, quantity, price) VALUES
  (9, 48, 5, 1, 9.99),
  (10, 47, 28, 2, 19.99),
  (11, 35, 33, 3, 27.50),
  (12, 37, 12, 2, 17.00),
  (13, 40, 18, 4, 45.99),
  (14, 29, 11, 1, 12.50),
  (15, 44, 37, 6, 65.99),
  (16, 43, 22, 3, 27.99),
  (17, 50, 8, 2, 15.50),
  (18, 46, 14, 1, 9.99),
  (19, 35, 39, 2, 19.50),
  (20, 48, 32, 5, 52.99),
  (21, 41, 36, 1, 8.99),
  (22, 36, 20, 3, 24.99),
  (23, 45, 6, 2, 18.50),
  (24, 32, 21, 1, 11.99),
  (25, 50, 30, 4, 38.99),
  (26, 47, 19, 2, 17.50),
  (27, 38, 25, 3, 29.99),
  (28, 38, 2, 1, 6.99);
